age_cat,n_employees,p_age,age_weight
20-29,5264000,0.153675483,6.507218845
30-39,8028000,0.234366789,4.266816143
40-59,15349500,0.44810825,2.231603635
60+,5612500,0.163849477,6.103162584